[
  {
    "model": "academics.program",
    "pk": 1,
    "fields": {
      "program_name": "Computer Engineering",
      "duration": 4,
      "is_active": true,
      "created_at": "2023-01-01 10:00:00",
      "updated_at": "2023-01-01 10:00:00"
    }
  },
  {
    "model": "academics.program",
    "pk": 2,
    "fields": {
      "program_name": "Diploma in Computer Engineering",
      "duration": 3,
      "is_active": true,
      "created_at": "2023-01-01 10:00:00",
      "updated_at": "2023-01-01 10:00:00"
    }
  },
  {
    "model": "academics.scheme",
    "pk": 1,
    "fields": {
      "scheme_name": "2019 Pattern",
      "start_year": 2019,
      "end_year": 2024,
      "is_active": true,
      "created_at": "2023-01-01 10:00:00",
      "updated_at": "2023-01-01 10:00:00"
    }
  },
  {
    "model": "academics.scheme",
    "pk": 2,
    "fields": {
      "scheme_name": "K Scheme",
      "start_year": 2023,
      "end_year": 2028,
      "is_active": true,
      "created_at": "2023-01-01 10:00:00",
      "updated_at": "2023-01-01 10:00:00"
    }
  },
  {
    "model": "academics.batch",
    "pk": 1,
    "fields": {
      "batch_year": 2021,
      "program_id": 1,
      "scheme_id": 1,
      "is_active": true,
      "created_at": "2023-01-01 10:00:00",
      "updated_at": "2023-01-01 10:00:00"
    }
  },
  {
    "model": "academics.batch",
    "pk": 2,
    "fields": {
      "batch_year": 2023,
      "program_id": 2,
      "scheme_id": 2,
      "is_active": true,
      "created_at": "2023-01-01 10:00:00",
      "updated_at": "2023-01-01 10:00:00"
    }
  },
  {
    "model": "academics.course",
    "pk": 1,
    "fields": {
      "course_code": "310241",
      "course_name": "software engineering",
      "semester": 5,
      "program_id": 1,
      "scheme_id": 1,
      "is_active": true,
      "created_at": "2023-06-01 10:00:00",
      "updated_at": "2023-06-01 10:00:00"
    }
  },
  {
    "model": "academics.course",
    "pk": 2,
    "fields": {
      "course_code": "310242",
      "course_name": "operating system",
      "semester": 5,
      "program_id": 1,
      "scheme_id": 1,
      "is_active": true,
      "created_at": "2023-06-01 10:00:00",
      "updated_at": "2023-06-01 10:00:00"
    }
  },
  {
    "model": "academics.course",
    "pk": 3,
    "fields": {
      "course_code": "310243",
      "course_name": "Data anlaytics",
      "semester": 5,
      "program_id": 1,
      "scheme_id": 1,
      "is_active": true,
      "created_at": "2023-06-01 10:00:00",
      "updated_at": "2023-06-01 10:00:00"
    }
  },
  {
    "model": "academics.course",
    "pk": 4,
    "fields": {
      "course_code": "310244",
      "course_name": "captrone project",
      "semester": 5,
      "program_id": 1,
      "scheme_id": 1,
      "is_active": true,
      "created_at": "2023-06-01 10:00:00",
      "updated_at": "2023-06-01 10:00:00"
    }
  },
  {
    "model": "academics.course",
    "pk": 5,
    "fields": {
      "course_code": "310245",
      "course_name": "Elective k: Internet of Things",
      "semester": 5,
      "program_id": 1,
      "scheme_id": 1,
      "is_active": true,
      "created_at": "2023-06-01 10:00:00",
      "updated_at": "2023-06-01 10:00:00"
    }
  },
  {
    "model": "academics.co",
    "pk": 1,
    "fields": {
      "course_id": 1,
      "co_number": "CO2",
      "description": "learning engineering concepts",
      "is_active": true,
      "created_at": "2023-06-01 10:00:00",
      "updated_at": "2023-06-01 10:00:00"
    }
  },
  {
    "model": "academics.co",
    "pk": 2,
    "fields": {
      "course_id": 1,
      "co_number": "CO1",
      "description": "learn different os",
      "is_active": true,
      "created_at": "2023-06-01 10:00:00",
      "updated_at": "2023-06-01 10:00:00"
    }
  },
  {
    "model": "academics.co",
    "pk": 3,
    "fields": {
      "course_id": 1,
      "co_number": "CO3",
      "description": "learn data analytics",
      "is_active": true,
      "created_at": "2023-06-01 10:00:00",
      "updated_at": "2023-06-01 10:00:00"
    }
  },
  {
    "model": "academics.co",
    "pk": 4,
    "fields": {
      "course_id": 1,
      "co_number": "CO4",
      "description": "developed report",
      "is_active": true,
      "created_at": "2023-06-01 10:00:00",
      "updated_at": "2023-06-01 10:00:00"
    }
  },
  {
    "model": "academics.co",
    "pk": 5,
    "fields": {
      "course_id": 1,
      "co_number": "CO5",
      "description": "learn NIS",
      "is_active": true,
      "created_at": "2023-06-01 10:00:00",
      "updated_at": "2023-06-01 10:00:00"
    }
  },
  {
    "model": "academics.co",
    "pk": 6,
    "fields": {
      "course_id": 2,
      "co_number": "CO3",
      "description": "Understand formal language theory.",
      "is_active": true,
      "created_at": "2023-06-01 10:00:00",
      "updated_at": "2023-06-01 10:00:00"
    }
  },
  {
    "model": "academics.po",
    "pk": 1,
    "fields": {
      "program_id": 1,
      "po_number": "PO1",
      "description": "Engineering Knowledge",
      "is_active": true,
      "created_at": "2023-01-01 10:00:00",
      "updated_at": "2023-01-01 10:00:00"
    }
  },
  {
    "model": "academics.po",
    "pk": 2,
    "fields": {
      "program_id": 1,
      "po_number": "PO2",
      "description": "Problem Analysis",
      "is_active": true,
      "created_at": "2023-01-01 10:00:00",
      "updated_at": "2023-01-01 10:00:00"
    }
  },
  {
    "model": "academics.po",
    "pk": 3,
    "fields": {
      "program_id": 1,
      "po_number": "PO3",
      "description": "Design/Development of Solutions",
      "is_active": true,
      "created_at": "2023-01-01 10:00:00",
      "updated_at": "2023-01-01 10:00:00"
    }
  },
  {
    "model": "academics.po",
    "pk": 4,
    "fields": {
      "program_id": 1,
      "po_number": "PO4",
      "description": "Conduct Investigations of Complex Problems",
      "is_active": true,
      "created_at": "2023-01-01 10:00:00",
      "updated_at": "2023-01-01 10:00:00"
    }
  },
  {
    "model": "academics.po",
    "pk": 5,
    "fields": {
      "program_id": 1,
      "po_number": "PO5",
      "description": "Modern Tool Usage",
      "is_active": true,
      "created_at": "2023-01-01 10:00:00",
      "updated_at": "2023-01-01 10:00:00"
    }
  },
  {
    "model": "academics.po",
    "pk": 6,
    "fields": {
      "program_id": 1,
      "po_number": "PO6",
      "description": "The Engineer and Society",
      "is_active": true,
      "created_at": "2023-01-01 10:00:00",
      "updated_at": "2023-01-01 10:00:00"
    }
  },
  {
    "model": "academics.pso",
    "pk": 1,
    "fields": {
      "program_id": 1,
      "pso_number": "PSO1",
      "description": "Professional Skills",
      "is_active": true,
      "created_at": "2023-01-01 10:00:00",
      "updated_at": "2023-01-01 10:00:00"
    }
  },
  {
    "model": "academics.pso",
    "pk": 2,
    "fields": {
      "program_id": 1,
      "pso_number": "PSO2",
      "description": "Problem-Solving Skills",
      "is_active": true,
      "created_at": "2023-01-01 10:00:00",
      "updated_at": "2023-01-01 10:00:00"
    }
  },
  {
    "model": "academics.copomapping",
    "pk": 1,
    "fields": {
      "co_id": 1,
      "po_id": 1,
      "weightage": 3.0,
      "created_at": "2023-06-01 10:00:00",
      "updated_at": "2023-06-01 10:00:00"
    }
  },
  {
    "model": "academics.copomapping",
    "pk": 2,
    "fields": {
      "co_id": 1,
      "po_id": 2,
      "weightage": 2.0,
      "created_at": "2023-06-01 10:00:00",
      "updated_at": "2023-06-01 10:00:00"
    }
  },
  {
    "model": "academics.copomapping",
    "pk": 3,
    "fields": {
      "co_id": 2,
      "po_id": 1,
      "weightage": 3.0,
      "created_at": "2023-06-01 10:00:00",
      "updated_at": "2023-06-01 10:00:00"
    }
  },
  {
    "model": "academics.copomapping",
    "pk": 4,
    "fields": {
      "co_id": 2,
      "po_id": 3,
      "weightage": 2.0,
      "created_at": "2023-06-01 10:00:00",
      "updated_at": "2023-06-01 10:00:00"
    }
  },
  {
    "model": "academics.copomapping",
    "pk": 5,
    "fields": {
      "co_id": 3,
      "po_id": 1,
      "weightage": 1.0,
      "created_at": "2023-06-01 10:00:00",
      "updated_at": "2023-06-01 10:00:00"
    }
  },
  {
    "model": "academics.copomapping",
    "pk": 6,
    "fields": {
      "co_id": 3,
      "po_id": 4,
      "weightage": 3.0,
      "created_at": "2023-06-01 10:00:00",
      "updated_at": "2023-06-01 10:00:00"
    }
  },
  {
    "model": "academics.copsomapping",
    "pk": 1,
    "fields": {
      "co_id": 1,
      "pso_id": 1,
      "weightage": 3.0,
      "created_at": "2023-06-01 10:00:00",
      "updated_at": "2023-06-01 10:00:00"
    }
  },
  {
    "model": "academics.copsomapping",
    "pk": 2,
    "fields": {
      "co_id": 2,
      "pso_id": 1,
      "weightage": 3.0,
      "created_at": "2023-06-01 10:00:00",
      "updated_at": "2023-06-01 10:00:00"
    }
  },
  {
    "model": "academics.copsomapping",
    "pk": 3,
    "fields": {
      "co_id": 3,
      "pso_id": 2,
      "weightage": 2.0,
      "created_at": "2023-06-01 10:00:00",
      "updated_at": "2023-06-01 10:00:00"
    }
  },
  {
    "model": "academics.copsomapping",
    "pk": 4,
    "fields": {
      "co_id": 4,
      "pso_id": 2,
      "weightage": 2.0,
      "created_at": "2023-06-01 10:00:00",
      "updated_at": "2023-06-01 10:00:00"
    }
  },
  {
    "model": "academics.copsomapping",
    "pk": 5,
    "fields": {
      "co_id": 5,
      "pso_id": 1,
      "weightage": 1.0,
      "created_at": "2023-06-01 10:00:00",
      "updated_at": "2023-06-01 10:00:00"
    }
  },
  {
    "model": "academics.cotarget",
    "pk": 1,
    "fields": {
      "co_id": 1,
      "academic_year": "2025-2026",
      "batch_id": 1,
      "target_value": 2.5,
      "set_by": 3,
      "status": "APPROVED",
      "remarks": "Target based on previous year",
      "is_active": true,
      "created_at": "2025-06-16 10:00:00"
    }
  },
  {
    "model": "academics.cotarget",
    "pk": 2,
    "fields": {
      "co_id": 2,
      "academic_year": "2025-2026",
      "batch_id": 1,
      "target_value": 2.4,
      "set_by": 3,
      "status": "APPROVED",
      "remarks": "Moderately difficult CO",
      "is_active": true,
      "created_at": "2025-06-16 10:00:00"
    }
  },
  {
    "model": "academics.cotarget",
    "pk": 3,
    "fields": {
      "co_id": 3,
      "academic_year": "2025-2026",
      "batch_id": 1,
      "target_value": 2.6,
      "set_by": 3,
      "status": "APPROVED",
      "remarks": "Standard target",
      "is_active": true,
      "created_at": "2025-06-16 10:00:00"
    }
  },
  {
    "model": "academics.cotarget",
    "pk": 4,
    "fields": {
      "co_id": 4,
      "academic_year": "2025-2026",
      "batch_id": 1,
      "target_value": 2.5,
      "set_by": 3,
      "status": "APPROVED",
      "remarks": "Standard target",
      "is_active": true,
      "created_at": "2025-06-16 10:00:00"
    }
  },
  {
    "model": "academics.cotarget",
    "pk": 5,
    "fields": {
      "co_id": 5,
      "academic_year": "2025-2026",
      "batch_id": 1,
      "target_value": 2.7,
      "set_by": 3,
      "status": "APPROVED",
      "remarks": "Easier CO",
      "is_active": true,
      "created_at": "2025-06-16 10:00:00"
    }
  }
]